City_ID,City,Lat,Lng,Max Temp,Humidity,Cloudiness,Wind Speed,Country,Date
0,Ushuaia,-54.8,-68.3,41.0,65,75,32.21,AR,2020-11-09 03:40:26
1,Hambantota,6.12,81.12,82.4,88,20,3.36,LK,2020-11-09 03:40:55
2,Kapaa,22.08,-159.32,80.6,69,75,13.87,US,2020-11-09 03:40:30
3,Leningradskiy,69.38,178.42,19.83,94,100,6.58,RU,2020-11-09 03:46:26
4,Bengkulu,-3.8,102.27,81.81,76,98,5.26,ID,2020-11-09 03:44:11
5,Mogadishu,2.04,45.34,79.29,81,77,7.67,SO,2020-11-09 03:41:52
6,Mpraeso,6.59,-0.73,68.92,100,73,2.82,GH,2020-11-09 03:46:26
7,Hobart,-42.88,147.33,80.01,33,0,5.82,AU,2020-11-09 03:35:24
8,Jamestown,42.1,-79.24,57.2,50,1,3.96,US,2020-11-09 03:40:31
9,Dikson,73.51,80.55,-1.41,91,95,14.65,RU,2020-11-09 03:40:39
10,Carnarvon,-24.87,113.63,75.2,53,90,13.87,AU,2020-11-09 03:40:48
11,Quthing,-30.4,27.7,67.28,62,99,0.76,LS,2020-11-09 03:46:27
12,Padang,-0.95,100.35,84.49,66,75,4.83,ID,2020-11-09 03:46:27
13,Harfleur,49.51,0.2,55.4,100,99,5.82,FR,2020-11-09 03:46:27
14,Saint-Philippe,-21.36,55.77,77.0,69,40,2.24,RE,2020-11-09 03:40:39
15,Igarka,67.47,86.58,26.46,98,100,7.72,RU,2020-11-09 03:41:50
16,Klaksvik,62.23,-6.59,48.2,100,100,13.87,FO,2020-11-09 03:40:41
17,Sao Filipe,14.9,-24.5,79.36,75,5,7.18,CV,2020-11-09 03:46:28
18,Chokurdakh,70.63,147.92,-13.74,91,98,3.42,RU,2020-11-09 03:40:27
19,Lebu,-37.62,-73.65,51.69,92,41,19.04,CL,2020-11-09 03:40:59
20,Racine,42.75,-88.08,66.99,77,1,5.82,US,2020-11-09 03:46:28
21,Katsuura,35.13,140.3,60.8,38,75,5.82,JP,2020-11-09 03:42:26
22,Albany,42.6,-73.97,51.01,93,1,2.06,US,2020-11-09 03:36:50
23,Kyren,51.68,102.14,41.58,65,0,1.97,RU,2020-11-09 03:46:29
24,Tuktoyaktuk,69.45,-133.04,12.2,92,75,16.11,CA,2020-11-09 03:46:29
25,Rikitea,-23.12,-134.97,73.09,78,89,15.66,PF,2020-11-09 03:40:25
26,Hagersville,42.97,-80.05,53.01,71,5,4.7,CA,2020-11-09 03:44:46
27,Severo-Kurilsk,50.68,156.12,35.28,87,100,18.9,RU,2020-11-09 03:40:29
28,Los Llanos De Aridane,28.66,-17.92,66.2,68,0,6.93,ES,2020-11-09 03:46:29
29,Buchanan,5.88,-10.05,77.0,94,75,2.95,LR,2020-11-09 03:46:30
30,Butaritari,3.07,172.79,82.11,65,1,8.99,KI,2020-11-09 03:40:43
31,Bani,18.28,-70.33,77.0,100,99,1.88,DO,2020-11-09 03:46:30
32,Luanda,-8.84,13.23,77.0,88,75,5.82,AO,2020-11-09 03:45:55
33,Balotra,25.83,72.23,82.18,17,0,0.29,IN,2020-11-09 03:46:30
34,Suoyarvi,62.08,32.35,31.57,97,27,8.72,RU,2020-11-09 03:46:30
35,Port Elizabeth,-33.92,25.57,57.2,93,40,14.99,ZA,2020-11-09 03:40:28
36,Bethel,41.37,-73.41,51.01,87,1,2.37,US,2020-11-09 03:40:24
37,Hithadhoo,-0.6,73.08,84.22,71,40,9.73,MV,2020-11-09 03:40:27
38,Sinnamary,5.38,-52.95,78.4,85,2,11.74,GF,2020-11-09 03:46:31
39,Cidreira,-30.18,-50.21,68.02,85,96,14.7,BR,2020-11-09 03:38:32
40,Ode,7.79,5.71,70.18,87,2,2.95,NG,2020-11-09 03:46:31
41,New Norfolk,-42.78,147.06,79.0,31,37,1.99,AU,2020-11-09 03:46:31
42,Hami,42.8,93.45,51.19,35,0,4.9,CN,2020-11-09 03:40:32
43,Labuhan,-6.88,112.21,91.0,49,79,2.73,ID,2020-11-09 03:46:32
44,Punta Arenas,-53.15,-70.92,41.0,75,0,14.99,CL,2020-11-09 03:40:27
45,Hasaki,35.73,140.83,66.0,37,75,11.41,JP,2020-11-09 03:40:51
46,Terrace,54.52,-128.6,30.2,80,90,1.1,CA,2020-11-09 03:45:01
47,Yellowknife,62.46,-114.35,28.4,79,75,14.99,CA,2020-11-09 03:36:33
48,Bluff,-46.6,168.33,55.99,71,77,7.0,NZ,2020-11-09 03:40:29
49,Bud,39.45,-86.18,62.6,67,1,3.36,US,2020-11-09 03:46:32
50,Bosaso,11.28,49.18,79.32,74,44,2.1,SO,2020-11-09 03:41:51
51,Castro,-24.79,-50.01,62.71,77,63,6.78,BR,2020-11-09 03:39:00
52,Saldanha,-33.01,17.94,48.2,87,0,4.7,ZA,2020-11-09 03:41:04
53,Roebourne,-20.78,117.13,94.44,22,0,17.49,AU,2020-11-09 03:46:33
54,Malakal,9.53,31.66,71.71,36,8,3.11,SS,2020-11-09 03:46:33
55,Vostok,46.49,135.88,18.84,90,88,9.91,RU,2020-11-09 03:41:29
56,Lokomotivnyy,53.01,60.57,32.63,91,16,16.91,RU,2020-11-09 03:46:33
57,Kasangulu,-4.59,15.17,78.8,69,75,6.93,CD,2020-11-09 03:46:33
58,Naryan-Mar,67.67,53.09,27.75,98,81,7.78,RU,2020-11-09 03:46:33
59,Naze,28.37,129.48,73.4,56,75,18.34,JP,2020-11-09 03:46:34
60,Izhma,65.01,53.91,30.74,96,100,9.78,RU,2020-11-09 03:46:34
61,Sohag,26.56,31.69,60.8,55,0,6.93,EG,2020-11-09 03:46:34
62,Kungurtug,50.6,97.52,35.56,78,0,1.52,RU,2020-11-09 03:46:34
63,Hay River,60.82,-115.8,23.0,73,64,18.34,CA,2020-11-09 03:41:20
64,Vaini,-21.2,-175.2,80.6,74,20,10.29,TO,2020-11-09 03:46:34
65,Palmer,42.16,-72.33,48.99,100,1,0.6,US,2020-11-09 03:46:35
66,Lavrentiya,65.58,-171.0,27.18,95,84,7.78,RU,2020-11-09 03:46:35
67,Naantali,60.47,22.02,41.0,86,90,5.82,FI,2020-11-09 03:46:35
68,Cap Malheureux,-19.98,57.61,77.0,74,14,8.99,MU,2020-11-09 03:41:35
69,Benjamin Constant,-4.38,-70.03,75.2,100,75,4.7,BR,2020-11-09 03:46:35
70,Crotone,39.09,17.12,59.59,66,2,6.89,IT,2020-11-09 03:41:56
71,Bachaquero,9.97,-71.15,80.11,82,100,9.17,VE,2020-11-09 03:40:33
72,Avarua,-21.21,-159.78,77.0,73,86,6.93,CK,2020-11-09 03:46:36
73,Busselton,-33.65,115.33,64.0,72,99,17.49,AU,2020-11-09 03:40:25
74,Tessalit,20.2,1.01,69.44,29,6,13.47,ML,2020-11-09 03:46:36
75,Port Lincoln,-34.73,135.87,75.88,35,28,16.04,AU,2020-11-09 03:41:10
76,Murdochville,48.96,-65.5,33.8,80,100,5.82,CA,2020-11-09 03:46:36
77,Mataura,-46.19,168.86,55.99,71,95,7.0,NZ,2020-11-09 03:40:29
78,Kodiak,57.79,-152.41,44.6,48,1,28.86,US,2020-11-09 03:40:24
79,Barrow,71.29,-156.79,15.8,78,90,25.28,US,2020-11-09 03:40:39
80,Esperance,-33.87,121.9,91.4,27,40,18.34,AU,2020-11-09 03:41:01
81,Airai,-8.93,125.41,80.56,41,85,7.31,TL,2020-11-09 03:46:37
82,Lantawan,10.62,123.98,87.8,62,20,10.29,PH,2020-11-09 03:46:37
83,Cape Town,-33.93,18.42,51.01,75,40,2.24,ZA,2020-11-09 03:40:36
84,Georgetown,5.41,100.34,84.2,78,20,4.7,MY,2020-11-09 03:40:35
85,Aklavik,68.22,-135.01,21.2,85,100,4.7,CA,2020-11-09 03:37:20
86,Mount Gambier,-37.83,140.77,86.0,22,100,13.87,AU,2020-11-09 03:40:40
87,Nanortalik,60.14,-45.24,27.46,93,100,22.62,GL,2020-11-09 03:40:43
88,Puerto Ayora,-0.74,-90.35,68.0,88,15,5.99,EC,2020-11-09 03:39:06
89,Hilo,19.73,-155.09,78.8,78,90,9.17,US,2020-11-09 03:39:25
90,Lebedinyy,58.52,125.52,1.45,89,1,4.88,RU,2020-11-09 03:46:39
91,Half Moon Bay,37.46,-122.43,50.0,71,20,12.75,US,2020-11-09 03:43:27
92,Pisco,-13.7,-76.22,62.6,88,41,3.36,PE,2020-11-09 03:46:39
93,Port Alfred,-33.59,26.89,62.19,85,100,15.88,ZA,2020-11-09 03:40:43
94,Bairiki,1.33,172.98,86.0,62,40,9.17,KI,2020-11-09 03:46:39
95,East London,-33.02,27.91,59.0,93,75,10.29,ZA,2020-11-09 03:40:32
96,Sovetskiy,61.36,63.58,29.79,95,100,8.16,RU,2020-11-09 03:46:40
97,Grindavik,63.84,-22.43,42.8,87,90,20.8,IS,2020-11-09 03:46:40
98,Kaitangata,-46.28,169.85,53.01,71,97,11.01,NZ,2020-11-09 03:41:43
99,Ipswich,52.06,1.16,55.99,100,100,3.36,GB,2020-11-09 03:43:14
100,Ponta Do Sol,32.67,-17.1,64.4,68,20,8.05,PT,2020-11-09 03:40:53
101,Klyuchi,52.27,79.17,40.19,68,67,22.3,RU,2020-11-09 03:46:40
102,Saint-Pierre,-21.34,55.48,78.8,57,20,2.24,RE,2020-11-09 03:42:00
103,Eyl,7.98,49.82,80.64,71,10,19.19,SO,2020-11-09 03:46:41
104,Sandwick,60.0,-1.25,51.8,93,100,12.75,GB,2020-11-09 03:46:41
105,Doaba,33.42,70.74,69.57,21,10,0.09,PK,2020-11-09 03:46:41
106,Saint Anthony,45.02,-93.22,68.0,60,90,12.75,US,2020-11-09 03:41:11
107,Mayo,38.89,-76.51,57.99,100,1,4.45,US,2020-11-09 03:46:41
108,Sitka,57.05,-135.33,44.6,75,90,26.4,US,2020-11-09 03:46:41
109,Port Blair,11.67,92.75,84.52,71,42,12.64,IN,2020-11-09 03:41:19
110,Mantua,45.17,10.78,44.6,93,6,3.36,IT,2020-11-09 03:42:00
111,Nikolskoye,59.7,30.79,37.0,92,0,6.71,RU,2020-11-09 03:40:38
112,Buraydah,26.33,43.98,64.4,88,40,5.82,SA,2020-11-09 03:46:42
113,Bodmin,50.47,-4.72,55.4,93,64,17.22,GB,2020-11-09 03:46:42
114,Chuy,-33.7,-53.46,58.62,89,68,6.98,UY,2020-11-09 03:40:31
115,Dobryatino,55.51,41.32,30.78,95,0,8.79,RU,2020-11-09 03:46:42
116,Lucapa,-8.42,20.74,65.34,98,81,2.39,AO,2020-11-09 03:46:42
117,Longyearbyen,78.22,15.64,28.4,68,75,6.93,SJ,2020-11-09 03:40:34
118,Atar,20.52,-13.05,81.64,16,87,5.61,MR,2020-11-09 03:46:43
119,Pokhara,28.23,83.98,73.65,33,0,3.29,NP,2020-11-09 03:46:43
120,Kavieng,-2.57,150.8,84.04,68,41,2.44,PG,2020-11-09 03:46:43
121,Arraial Do Cabo,-22.97,-42.03,73.9,93,70,8.12,BR,2020-11-09 03:46:43
122,Nioro,13.35,-15.75,75.29,76,0,4.41,GM,2020-11-09 03:46:43
123,Praia Da Vitoria,38.73,-27.07,51.8,87,20,6.73,PT,2020-11-09 03:46:43
124,Kivsharivka,49.62,37.7,45.37,76,88,6.35,UA,2020-11-09 03:46:44
125,Guerrero Negro,27.98,-114.06,63.68,61,77,11.74,MX,2020-11-09 03:46:44
126,Parabel,58.7,81.48,33.85,88,90,14.94,RU,2020-11-09 03:40:54
127,Narsaq,60.92,-46.05,30.2,86,100,2.44,GL,2020-11-09 03:40:47
128,Bandar-E Lengeh,26.56,54.88,69.8,94,0,7.09,IR,2020-11-09 03:46:44
129,Vester Hassing,57.07,10.13,44.01,98,87,3.0,DK,2020-11-09 03:46:44
130,Mar Del Plata,-38.0,-57.56,61.0,93,75,6.93,AR,2020-11-09 03:35:53
131,Cabo San Lucas,22.89,-109.91,75.0,78,5,13.87,MX,2020-11-09 03:40:35
132,Hermanus,-34.42,19.23,45.0,93,53,8.23,ZA,2020-11-09 03:40:35
133,Egvekinot,66.32,-179.17,17.17,97,100,8.7,RU,2020-11-09 03:46:45
134,Vaxjo,56.88,14.81,44.6,93,53,4.7,SE,2020-11-09 03:46:36
135,San Patricio,28.02,-97.52,73.0,88,20,9.17,US,2020-11-09 03:46:45
136,Makakilo City,21.35,-158.09,82.4,54,1,8.05,US,2020-11-09 03:43:36
137,Richards Bay,-28.78,32.04,73.44,86,90,7.52,ZA,2020-11-09 03:46:45
138,Bredasdorp,-34.53,20.04,50.0,71,54,6.93,ZA,2020-11-09 03:40:33
139,Broome,42.25,-75.83,55.4,50,1,3.36,US,2020-11-09 03:46:45
140,Viedma,-40.81,-63.0,59.0,90,52,11.5,AR,2020-11-09 03:46:46
141,Lambarene,-0.7,10.24,73.22,95,100,0.56,GA,2020-11-09 03:41:19
142,Marawi,8.0,124.29,84.99,73,37,7.0,PH,2020-11-09 03:41:21
143,Bergen,60.39,5.33,42.01,100,0,16.11,NO,2020-11-09 03:43:58
144,Ancud,-41.87,-73.82,55.0,76,0,6.93,CL,2020-11-09 03:41:33
145,Montepuez,-13.13,39.0,72.64,83,55,6.04,MZ,2020-11-09 03:46:46
146,Kalemie,-5.95,29.19,72.07,81,98,2.33,CD,2020-11-09 03:46:46
147,Santa Maria,-29.68,-53.81,68.0,77,40,14.99,BR,2020-11-09 03:44:40
148,Antalaha,-14.9,50.28,74.34,80,99,8.3,MG,2020-11-09 03:46:46
149,Kathu,7.92,98.33,82.4,83,40,8.05,TH,2020-11-09 03:40:36
150,Evanston,42.04,-87.69,69.8,64,40,9.17,US,2020-11-09 03:37:41
151,Asau,46.43,26.4,41.0,70,75,2.24,RO,2020-11-09 03:46:47
152,Atuona,-9.8,-139.03,77.67,64,58,13.27,PF,2020-11-09 03:40:30
153,Pitlochry,56.71,-3.73,50.0,93,100,2.04,GB,2020-11-09 03:46:47
154,Qaanaaq,77.48,-69.36,-8.05,70,0,7.85,GL,2020-11-09 03:46:47
155,Loreto,22.27,-101.97,58.73,42,0,4.83,MX,2020-11-09 03:46:47
156,Bumba,2.18,22.47,71.26,97,100,2.48,CD,2020-11-09 03:46:47
157,Yerbogachen,61.28,108.01,33.58,93,100,8.9,RU,2020-11-09 03:46:48
158,Itarema,-2.92,-39.92,80.56,78,10,17.87,BR,2020-11-09 03:41:14
159,Rudsar,37.14,50.29,51.8,87,20,4.7,IR,2020-11-09 03:46:48
160,Volgorechensk,57.44,41.16,30.2,86,0,8.95,RU,2020-11-09 03:46:48
161,Torbay,47.67,-52.73,34.0,74,20,10.29,CA,2020-11-09 03:40:53
162,Paracatu,-17.22,-46.87,71.06,82,83,2.98,BR,2020-11-09 03:46:48
163,Mackenzie,55.3,-123.17,21.2,79,1,5.82,CA,2020-11-09 03:46:48
164,Gat,31.61,34.76,64.0,82,20,4.7,IL,2020-11-09 03:44:02
165,Tobol,52.68,62.58,36.52,81,53,15.99,KZ,2020-11-09 03:46:49
166,Sarakhs,36.54,61.16,48.2,100,97,2.24,IR,2020-11-09 03:46:49
167,Homestead,25.47,-80.48,75.99,94,90,29.97,US,2020-11-09 03:46:49
168,Colares,38.8,-9.45,60.01,97,13,5.35,PT,2020-11-09 03:46:49
169,Faanui,-16.48,-151.75,78.12,79,91,16.64,PF,2020-11-09 03:40:25
170,Souillac,-20.52,57.52,71.6,83,75,3.36,MU,2020-11-09 03:41:47
171,Lorengau,-2.02,147.27,84.36,68,53,4.18,PG,2020-11-09 03:46:49
172,Abancay,-13.63,-72.88,57.74,65,100,2.59,PE,2020-11-09 03:46:50
173,Ribeira Grande,38.52,-28.7,61.65,63,65,13.98,PT,2020-11-09 03:40:54
174,Cherskiy,68.75,161.3,1.89,93,98,3.04,RU,2020-11-09 03:46:50
175,Bocaiuva,-17.11,-43.81,73.4,69,0,3.42,BR,2020-11-09 03:46:50
176,Pouembout,-21.13,164.9,79.54,57,26,12.88,NC,2020-11-09 03:46:50
177,Khatanga,71.97,102.5,11.08,92,100,17.02,RU,2020-11-09 03:40:29
178,Dalbandin,28.89,64.41,72.81,18,15,0.27,PK,2020-11-09 03:46:50
179,Phan Thiet,10.93,108.1,81.05,73,99,1.5,VN,2020-11-09 03:46:51
180,Geraldton,-28.77,114.6,75.2,57,75,24.16,AU,2020-11-09 03:41:08
181,Kokstad,-30.55,29.42,61.63,92,100,4.25,ZA,2020-11-09 03:46:52
182,Warrington,53.39,-2.58,53.01,100,81,6.93,GB,2020-11-09 03:42:40
183,Victor Harbor,-35.57,138.62,81.0,38,89,7.9,AU,2020-11-09 03:46:52
184,Sibolga,1.74,98.78,83.7,72,100,3.91,ID,2020-11-09 03:46:52
185,Verkhniy Lomov,53.47,43.55,32.11,95,0,9.78,RU,2020-11-09 03:46:52
186,Cururupu,-1.83,-44.87,77.76,88,22,4.79,BR,2020-11-09 03:42:24
187,Vila Franca Do Campo,37.72,-25.43,57.2,82,75,2.24,PT,2020-11-09 03:46:52
188,Aksu,41.12,80.26,49.89,39,100,2.66,CN,2020-11-09 03:46:52
189,Bozeman,45.68,-111.04,14.0,66,90,4.7,US,2020-11-09 03:46:53
190,Black River,18.03,-77.85,79.0,88,20,4.7,JM,2020-11-09 03:46:53
191,Saint George,37.1,-113.58,39.99,86,1,8.05,US,2020-11-09 03:46:53
192,Dalsingh Sarai,25.67,85.83,77.85,36,0,3.69,IN,2020-11-09 03:46:53
193,Baker City,44.77,-117.83,30.2,68,90,14.99,US,2020-11-09 03:46:53
194,Thompson,55.74,-97.86,8.6,92,90,16.11,CA,2020-11-09 03:40:44
195,Sarangani,5.4,125.46,83.64,75,80,13.53,PH,2020-11-09 03:46:53
196,Quatre Cocos,-20.21,57.76,77.0,83,75,3.36,MU,2020-11-09 03:46:53
197,Killarney,52.05,-9.52,53.83,91,100,5.73,IE,2020-11-09 03:46:54
198,Mahebourg,-20.41,57.7,71.6,83,75,3.36,MU,2020-11-09 03:40:26
199,Chapais,49.78,-74.85,39.2,100,90,4.7,CA,2020-11-09 03:46:54
200,Aragats,40.49,44.35,32.0,85,0,3.36,AM,2020-11-09 03:46:54
201,Baghdad,33.34,44.4,66.2,59,0,5.82,IQ,2020-11-09 03:45:39
202,Adeje,28.12,-16.73,68.0,60,20,11.41,ES,2020-11-09 03:46:54
203,Tiksi,71.69,128.87,-8.81,87,4,4.45,RU,2020-11-09 03:40:38
204,Srednekolymsk,67.45,153.68,-6.05,91,99,4.38,RU,2020-11-09 03:46:54
205,Murgab,37.5,61.97,50.0,87,40,4.7,TM,2020-11-09 03:46:55
206,Isangel,-19.55,169.27,77.0,78,90,6.93,VU,2020-11-09 03:42:06
207,Whittlesea,-32.18,26.82,59.43,81,95,5.46,ZA,2020-11-09 03:46:55
208,Port Hawkesbury,45.62,-61.35,37.99,80,90,4.97,CA,2020-11-09 03:46:55
209,Visnes,59.36,5.22,46.0,93,100,11.41,NO,2020-11-09 03:41:24
210,Besikduzu,41.05,39.23,55.4,66,0,8.05,TR,2020-11-09 03:46:55
211,Port Macquarie,-31.43,152.92,71.01,52,75,11.41,AU,2020-11-09 03:46:36
212,Christchurch,-43.53,172.63,57.2,62,86,12.75,NZ,2020-11-09 03:45:00
213,Hofn,64.25,-15.21,41.85,83,100,9.89,IS,2020-11-09 03:42:01
214,Cloquet,46.72,-92.46,66.2,59,40,13.87,US,2020-11-09 03:46:56
215,Itoman,26.12,127.67,77.0,69,75,19.46,JP,2020-11-09 03:41:21
216,Yaan,7.38,8.57,72.19,86,31,3.2,NG,2020-11-09 03:46:56
217,Abu Samrah,35.3,37.18,59.58,59,95,5.64,SY,2020-11-09 03:41:00
218,Barretos,-20.56,-48.57,77.83,44,43,3.8,BR,2020-11-09 03:46:56
219,Comodoro Rivadavia,-45.87,-67.5,66.2,42,0,8.05,AR,2020-11-09 03:40:38
220,Alice Springs,-23.7,133.88,100.4,8,0,11.41,AU,2020-11-09 03:45:51
221,Machico,32.7,-16.77,64.4,68,20,8.05,PT,2020-11-09 03:46:57
222,Plettenberg Bay,-34.05,23.37,56.68,81,100,8.84,ZA,2020-11-09 03:42:04
223,Revelstoke,50.98,-118.2,35.6,40,1,12.75,CA,2020-11-09 03:46:57
224,Avera,33.19,-82.53,68.0,94,75,8.05,US,2020-11-09 03:41:46
225,Vicuna,-30.03,-70.71,55.4,87,0,1.12,CL,2020-11-09 03:46:57
226,Manggar,-2.88,108.27,84.97,69,89,8.28,ID,2020-11-09 03:46:57
227,Manjacaze,-24.71,33.88,76.1,72,0,7.25,MZ,2020-11-09 03:41:42
228,Tuatapere,-46.13,167.68,55.99,71,98,7.0,NZ,2020-11-09 03:40:57
229,Makat,47.65,53.35,45.34,69,96,17.87,KZ,2020-11-09 03:46:58
230,Upernavik,72.79,-56.15,-6.07,76,0,9.93,GL,2020-11-09 03:41:24
231,Mount Isa,-20.73,139.5,100.4,8,0,6.93,AU,2020-11-09 03:41:39
232,Luderitz,-26.65,15.16,57.97,76,0,24.85,NA,2020-11-09 03:40:39
233,Tilichiki,60.47,166.1,9.19,95,52,12.37,RU,2020-11-09 03:46:58
234,Ayagoz,47.97,80.44,36.48,92,100,24.52,KZ,2020-11-09 03:46:58
235,Bandarbeyla,9.49,50.81,78.84,76,9,16.96,SO,2020-11-09 03:46:59
236,San Quintin,30.48,-115.95,61.09,61,25,15.43,MX,2020-11-09 03:46:59
237,Noyabrsk,63.2,75.45,24.33,98,100,8.61,RU,2020-11-09 03:46:59
238,Charters Towers,-20.1,146.27,85.93,40,72,20.0,AU,2020-11-09 03:46:59
239,Ewa Beach,21.32,-158.01,82.4,54,1,8.05,US,2020-11-09 03:46:35
240,Ibra,22.69,58.53,77.13,49,0,4.36,OM,2020-11-09 03:47:00
241,Ndele,8.41,20.65,71.19,56,0,2.13,CF,2020-11-09 03:47:00
242,Tukrah,32.53,20.58,64.85,66,36,10.96,LY,2020-11-09 03:47:00
243,Norman Wells,65.28,-126.83,15.8,92,75,4.7,CA,2020-11-09 03:40:30
244,Don Sak,9.32,99.69,84.2,74,20,3.36,TH,2020-11-09 03:47:00
245,Buenaventura,3.88,-77.03,66.0,75,100,0.87,CO,2020-11-09 03:47:00
246,Umm Lajj,25.02,37.27,73.22,56,0,7.87,SA,2020-11-09 03:47:00
247,Ostrovnoy,68.05,39.51,32.2,94,100,22.77,RU,2020-11-09 03:47:00
248,Tasiilaq,65.61,-37.64,33.13,95,100,31.14,GL,2020-11-09 03:40:33
249,Pontes E Lacerda,-15.23,-59.34,76.46,68,46,2.75,BR,2020-11-09 03:47:01
250,Port-Gentil,-0.72,8.78,78.21,83,100,8.99,GA,2020-11-09 03:47:01
251,Iqaluit,63.75,-68.51,15.8,78,90,13.71,CA,2020-11-09 03:40:39
252,North Myrtle Beach,33.82,-78.68,69.8,83,1,12.75,US,2020-11-09 03:47:01
253,Burnie,-41.07,145.92,62.01,54,69,10.0,AU,2020-11-09 03:47:01
254,Dingle,11.0,122.67,85.14,74,38,2.86,PH,2020-11-09 03:40:56
255,Biltine,14.53,20.92,72.63,28,11,11.52,TD,2020-11-09 03:41:58
256,Bocana De Paiwas,12.79,-85.12,73.36,91,100,7.65,NI,2020-11-09 03:47:02
257,Mahibadhoo,3.78,72.97,83.57,71,65,3.96,MV,2020-11-09 03:47:02
258,Grand Gaube,-20.01,57.66,77.0,74,19,8.99,MU,2020-11-09 03:47:02
259,Waipawa,-41.41,175.52,55.4,66,99,27.51,NZ,2020-11-09 03:47:02
260,Port Augusta,-32.5,137.77,88.0,28,53,9.17,AU,2020-11-09 03:40:43
261,High Rock,26.62,-78.28,77.0,94,90,20.8,BS,2020-11-09 03:47:02
262,Gunjur,13.2,-16.73,77.0,100,5,6.51,GM,2020-11-09 03:47:02
263,Saint-Francois,46.42,3.91,45.0,100,1,3.36,FR,2020-11-09 03:41:26
264,Corner Brook,48.97,-57.95,32.0,74,75,3.36,CA,2020-11-09 03:37:50
265,Itaituba,-4.28,-55.98,75.99,94,100,1.05,BR,2020-11-09 03:47:03
266,Suntar,62.14,117.63,10.22,87,100,8.12,RU,2020-11-09 03:41:18
267,Victoria,22.29,114.16,78.01,49,83,7.34,HK,2020-11-09 03:36:00
268,Merauke,-8.47,140.33,83.82,75,52,14.18,ID,2020-11-09 03:40:47
269,Chiungutwa,-10.88,38.98,75.78,75,99,2.39,TZ,2020-11-09 03:47:03
270,Ihosy,-22.4,46.12,66.96,73,52,8.48,MG,2020-11-09 03:47:03
271,Ballina,-28.87,153.57,73.4,64,90,17.22,AU,2020-11-09 03:41:15
272,Leuwiliang,-6.57,106.63,96.01,53,100,1.41,ID,2020-11-09 03:47:05
273,Paamiut,61.99,-49.67,22.5,88,100,43.31,GL,2020-11-09 03:47:05
274,Mandalgovi,45.76,106.27,39.04,63,0,8.14,MN,2020-11-09 03:47:05
275,Krasnoselkup,65.7,82.47,32.11,99,100,8.52,RU,2020-11-09 03:40:26
276,Cordoba,-31.41,-64.18,62.01,93,75,5.82,AR,2020-11-09 03:42:27
277,Valer,60.68,11.83,34.0,87,90,3.36,NO,2020-11-09 03:47:06
278,Sept-Iles,50.2,-66.38,30.0,92,90,3.36,CA,2020-11-09 03:36:02
279,Rawson,-43.3,-65.1,65.01,70,83,8.55,AR,2020-11-09 03:40:46
280,Wichita Falls,33.91,-98.49,64.4,77,1,14.99,US,2020-11-09 03:43:49
281,Vagur,61.47,-6.81,48.87,95,99,13.44,FO,2020-11-09 03:47:06
282,Tokur,53.13,132.9,6.91,83,8,4.97,RU,2020-11-09 03:47:06
283,Vila Velha,-20.33,-40.29,75.2,88,40,9.17,BR,2020-11-09 03:42:54
284,Qasigiannguit,68.82,-51.19,15.8,56,100,8.05,GL,2020-11-09 03:41:32
285,Luwuk,-0.95,122.79,87.94,50,27,8.75,ID,2020-11-09 03:47:07
286,Gore,-46.1,168.94,55.99,71,97,7.0,NZ,2020-11-09 03:47:07
287,Puerto Colombia,10.99,-74.95,77.0,100,40,2.24,CO,2020-11-09 03:47:07
288,Binga,-17.62,27.34,78.8,34,60,1.1,ZW,2020-11-09 03:47:07
289,Tynda,55.17,124.72,4.35,85,0,3.78,RU,2020-11-09 03:41:28
290,Cap-Aux-Meules,47.38,-61.86,37.4,69,98,5.82,CA,2020-11-09 03:45:02
291,Provideniya,64.38,-173.3,33.8,86,90,11.18,RU,2020-11-09 03:47:07
292,Satara,17.68,73.98,71.53,45,0,4.14,IN,2020-11-09 03:44:24
293,Teya,60.38,92.63,38.79,80,100,17.45,RU,2020-11-09 03:47:08
294,Vao,-22.67,167.48,70.72,77,12,19.42,NC,2020-11-09 03:41:46
295,Cayenne,4.93,-52.33,78.8,94,20,4.7,GF,2020-11-09 03:41:07
296,Keningau,5.34,116.16,86.0,74,20,10.29,MY,2020-11-09 03:44:27
297,Samarai,-10.62,150.67,79.29,86,100,15.61,PG,2020-11-09 03:47:08
298,Nouadhibou,20.93,-17.03,69.8,68,0,18.34,MR,2020-11-09 03:47:08
299,Edd,13.93,41.69,83.07,40,3,14.5,ER,2020-11-09 03:47:09
300,Caconda,-13.73,15.07,60.64,81,47,1.25,AO,2020-11-09 03:47:09
301,Taltal,-25.4,-70.48,58.1,73,4,2.33,CL,2020-11-09 03:47:09
302,Esil,51.96,66.4,37.38,94,100,24.76,KZ,2020-11-09 03:41:41
303,Laguna,38.42,-121.42,50.0,29,1,9.17,US,2020-11-09 03:46:32
304,Saskylakh,71.92,114.08,-4.05,86,92,17.94,RU,2020-11-09 03:41:14
305,Porto San Giorgio,43.18,13.79,55.99,80,0,1.99,IT,2020-11-09 03:47:10
306,Belle Glade,26.68,-80.67,75.99,90,100,8.01,US,2020-11-09 03:47:10
307,Brae,60.4,-1.35,51.8,93,100,12.75,GB,2020-11-09 03:47:10
308,Bubaque,11.28,-15.83,83.44,77,23,8.61,GW,2020-11-09 03:47:10
309,Haines Junction,60.75,-137.51,35.6,64,100,9.17,CA,2020-11-09 03:47:10
310,La Paz,-16.5,-68.15,46.4,65,40,5.82,BO,2020-11-09 03:43:13
311,Vilyuysk,63.76,121.62,-0.17,89,5,5.08,RU,2020-11-09 03:47:10
312,Ahipara,-35.17,173.17,59.83,82,93,11.05,NZ,2020-11-09 03:41:40
313,Wanning,18.8,110.4,76.1,75,85,20.85,CN,2020-11-09 03:42:03
314,Praya,14.92,-23.51,78.8,69,0,16.11,CV,2020-11-09 03:41:54
315,Panama City,8.99,-79.52,80.6,83,67,5.82,PA,2020-11-09 03:46:51
316,Martinsville,36.69,-79.87,57.99,100,1,3.11,US,2020-11-09 03:47:11
317,Xam Nua,20.42,104.04,69.57,46,0,7.52,LA,2020-11-09 03:47:11
318,Pierre,44.37,-100.35,39.2,64,1,16.11,US,2020-11-09 03:47:11
319,Doha,25.29,51.53,82.99,88,0,2.24,QA,2020-11-09 03:38:58
320,San Diego,32.72,-117.16,60.8,48,75,18.34,US,2020-11-09 03:42:26
321,Pangnirtung,66.15,-65.71,7.95,82,15,4.81,CA,2020-11-09 03:47:11
322,Gweta,-20.18,25.23,80.64,39,51,4.61,BW,2020-11-09 03:47:12
323,Ozinki,51.18,49.68,41.18,77,78,13.71,RU,2020-11-09 03:47:12
324,Changji,44.02,87.32,37.4,47,0,4.47,CN,2020-11-09 03:47:12
325,Mapiri,-15.25,-68.17,76.33,53,94,2.51,BO,2020-11-09 03:47:12
326,Agadez,19.75,10.25,60.01,46,0,11.32,NE,2020-11-09 03:40:57
327,Miles City,46.41,-105.84,17.6,72,75,14.99,US,2020-11-09 03:41:09
328,Zaykovo,57.56,62.76,32.25,96,99,11.97,RU,2020-11-09 03:47:13
329,Zhigansk,66.77,123.37,-12.48,89,35,8.03,RU,2020-11-09 03:47:13
330,Yevlax,40.61,47.15,46.4,100,75,9.17,AZ,2020-11-09 03:47:13
331,Aguada De Pasajeros,22.39,-80.85,77.0,94,38,4.7,CU,2020-11-09 03:47:13
332,Kirensk,57.79,108.11,37.2,89,0,6.93,RU,2020-11-09 03:47:13
333,Deer Lake,49.17,-57.43,30.2,74,75,3.36,CA,2020-11-09 03:47:13
334,Lima,-12.04,-77.03,62.6,82,0,9.17,PE,2020-11-09 03:39:43
335,Antofagasta,-23.65,-70.4,60.8,82,90,8.05,CL,2020-11-09 03:46:21
336,Lata,40.16,-8.33,55.99,93,40,4.7,PT,2020-11-09 03:41:32
337,Pekan,3.48,103.4,77.0,94,20,3.36,MY,2020-11-09 03:47:14
338,Barcelona,41.39,2.16,57.0,93,0,6.93,ES,2020-11-09 03:43:17
339,Bestobe,52.5,73.1,37.08,75,80,32.35,KZ,2020-11-09 03:47:14
340,Alberton,46.82,-64.07,41.0,83,100,5.82,CA,2020-11-09 03:47:14
341,Fairbanks,64.84,-147.72,33.8,86,90,3.36,US,2020-11-09 03:45:32
342,Imeni Poliny Osipenko,52.42,136.49,14.2,81,80,8.57,RU,2020-11-09 03:42:04
343,Leshukonskoye,64.9,45.76,34.0,92,99,9.69,RU,2020-11-09 03:47:15
344,Broadford,-37.2,145.07,77.0,49,44,1.01,AU,2020-11-09 03:47:15
345,Muros,42.78,-9.06,55.0,93,75,8.05,ES,2020-11-09 03:41:20
346,Bambous Virieux,-20.34,57.76,77.0,83,75,3.36,MU,2020-11-09 03:41:02
347,San Jose,37.34,-121.89,46.0,87,5,4.83,US,2020-11-09 03:43:05
348,Greenwood,34.17,-82.12,64.99,88,1,6.93,US,2020-11-09 03:43:39
349,Bay Roberts,47.6,-53.26,33.01,76,94,3.0,CA,2020-11-09 03:47:15
350,Sainte-Anne-Des-Monts,49.12,-66.49,32.0,85,100,2.24,CA,2020-11-09 03:47:15
351,Portales,34.19,-103.33,66.2,42,20,14.99,US,2020-11-09 03:46:30
352,Hervey Bay,-25.3,152.85,79.0,41,75,20.8,AU,2020-11-09 03:47:16
353,Abejorral,5.79,-75.43,59.0,100,40,2.24,CO,2020-11-09 03:47:16
354,Darnah,32.77,22.64,65.05,73,43,8.41,LY,2020-11-09 03:41:08
355,Suifenhe,44.4,131.17,24.12,76,3,12.86,CN,2020-11-09 03:47:16
356,Mollendo,-17.02,-72.01,62.71,81,87,6.15,PE,2020-11-09 03:47:16
357,Clyde River,70.47,-68.59,-2.2,77,1,17.22,CA,2020-11-09 03:40:49
358,Lesozavodsk,45.48,133.42,26.06,82,1,10.47,RU,2020-11-09 03:47:17
359,Foggia,41.45,15.53,48.2,87,5,9.17,IT,2020-11-09 03:47:17
360,Hamilton,39.18,-84.53,62.6,59,1,9.17,US,2020-11-09 03:37:20
361,Sakakah,29.97,40.21,64.4,59,40,3.36,SA,2020-11-09 03:47:17
362,Pemberton,50.32,-122.8,28.99,74,33,2.33,CA,2020-11-09 03:47:14
363,Sabha,27.04,14.43,55.6,80,0,6.71,LY,2020-11-09 03:42:31
364,Hobyo,5.35,48.53,81.84,76,98,14.07,SO,2020-11-09 03:47:17
365,Plaeng Yao,13.58,101.28,86.0,60,23,14.67,TH,2020-11-09 03:47:18
366,Raudeberg,61.99,5.14,46.0,91,100,7.02,NO,2020-11-09 03:41:26
367,Yulara,-25.24,130.99,98.6,13,1,18.34,AU,2020-11-09 03:47:19
368,Caravelas,-17.71,-39.25,72.28,90,82,4.43,BR,2020-11-09 03:47:19
369,Taoudenni,22.68,-3.98,76.14,18,61,7.31,ML,2020-11-09 03:41:39
370,Tera,14.01,0.75,74.71,19,82,9.69,NE,2020-11-09 03:47:19
371,Honolulu,21.31,-157.86,82.4,54,40,12.75,US,2020-11-09 03:45:26
372,Leh,34.17,77.58,37.92,43,2,1.14,IN,2020-11-09 03:47:19
373,Bordighera,43.78,7.66,59.0,82,0,10.29,IT,2020-11-09 03:47:20
374,Okhotsk,59.38,143.3,8.74,88,5,19.82,RU,2020-11-09 03:47:20
375,Eganville,45.53,-77.1,48.0,93,1,2.24,CA,2020-11-09 03:47:20
376,Kyabram,-36.32,145.05,82.99,28,15,8.61,AU,2020-11-09 03:47:20
377,Sorland,67.67,12.69,43.2,71,79,25.41,NO,2020-11-09 03:41:01
378,Carutapera,-1.2,-46.02,79.57,82,59,8.39,BR,2020-11-09 03:47:21
379,Duiwelskloof,-23.69,30.14,75.29,41,0,2.19,ZA,2020-11-09 03:47:21
380,Ust-Maya,60.42,134.53,-4.63,86,99,2.06,RU,2020-11-09 03:41:49
381,Matagami,49.75,-77.63,41.0,100,1,6.93,CA,2020-11-09 03:47:21
382,Sur,22.57,59.53,79.56,60,0,4.97,OM,2020-11-09 03:47:21
383,Kavaratti,10.57,72.64,84.25,74,1,7.43,IN,2020-11-09 03:41:34
384,Batagay-Alyta,67.8,130.41,-13.88,81,0,2.48,RU,2020-11-09 03:47:21
385,Jieshi,22.81,115.83,78.01,45,36,3.0,CN,2020-11-09 03:47:21
386,Itaporanga,-7.3,-38.15,78.28,60,4,7.85,BR,2020-11-09 03:47:22
387,Usinsk,65.99,57.53,26.64,98,100,13.73,RU,2020-11-09 03:47:22
388,Lakes Entrance,-37.88,147.98,71.01,60,0,5.99,AU,2020-11-09 03:47:22
389,Rocha,-34.48,-54.33,53.6,94,76,3.0,UY,2020-11-09 03:41:04
390,Sigli,5.38,95.96,84.25,67,97,2.46,ID,2020-11-09 03:47:22
391,San Juan Bautista,-14.01,-75.74,62.6,88,55,3.36,PE,2020-11-09 03:47:23
392,Beringovskiy,63.05,179.32,20.05,93,27,9.22,RU,2020-11-09 03:40:37
393,Alofi,-19.06,-169.92,78.8,74,75,13.87,NU,2020-11-09 03:47:23
394,Sarahan,31.52,77.8,58.55,28,0,2.28,IN,2020-11-09 03:47:23
395,Sao Geraldo Do Araguaia,-6.4,-48.55,76.77,74,1,3.0,BR,2020-11-09 03:47:23
396,Dunedin,-45.87,170.5,55.0,68,100,8.01,NZ,2020-11-09 03:40:56
397,Shingu,33.73,135.98,62.6,48,40,16.11,JP,2020-11-09 03:47:24
398,Formosa,-26.18,-58.18,75.2,64,90,13.87,AR,2020-11-09 03:46:10
399,Kenai,60.55,-151.26,35.01,100,90,4.7,US,2020-11-09 03:47:24
400,Moose Factory,51.26,-80.61,35.6,93,90,3.36,CA,2020-11-09 03:47:24
401,Margate,51.38,1.39,57.0,91,100,1.99,GB,2020-11-09 03:40:45
402,Ust-Omchug,61.15,149.63,-3.91,87,73,5.86,RU,2020-11-09 03:47:24
403,Guangyuan,32.44,105.82,60.01,71,12,1.01,CN,2020-11-09 03:47:24
404,Komsomolskiy,40.43,71.72,50.0,66,40,9.17,UZ,2020-11-09 03:40:29
405,Katobu,-4.94,122.53,92.8,41,38,3.51,ID,2020-11-09 03:47:25
406,Aanekoski,62.69,25.82,35.6,88,75,5.82,FI,2020-11-09 03:47:25
407,Bilma,18.69,12.92,65.16,42,0,15.57,NE,2020-11-09 03:47:25
408,Yeppoon,-23.13,150.73,80.6,47,75,11.41,AU,2020-11-09 03:47:25
409,Goundam,16.41,-3.67,75.83,19,0,9.51,ML,2020-11-09 03:47:25
410,Pemba,-12.97,40.52,77.0,94,40,3.36,MZ,2020-11-09 03:47:25
411,Nouakchott,18.09,-15.98,73.4,69,13,8.05,MR,2020-11-09 03:41:14
412,Portland,45.52,-122.68,37.99,74,1,2.37,US,2020-11-09 03:46:20
413,Deyang,31.13,104.38,75.0,70,1,5.08,CN,2020-11-09 03:47:26
414,Kindu,-2.95,25.95,69.04,98,100,2.39,CD,2020-11-09 03:47:26
415,Colac,-38.33,143.58,80.01,43,57,4.0,AU,2020-11-09 03:47:26
416,Galle,6.04,80.22,82.13,76,17,5.53,LK,2020-11-09 03:45:05
417,Mkushi,-13.62,29.39,69.42,45,40,7.0,ZM,2020-11-09 03:47:26
418,Tecoanapa,16.52,-98.75,79.16,80,66,3.62,MX,2020-11-09 03:47:27
419,Porto Novo,6.5,2.6,80.6,88,20,4.7,BJ,2020-11-09 03:40:45
420,Amazar,53.86,120.88,16.56,75,36,3.15,RU,2020-11-09 03:47:27
421,Coari,-4.08,-63.14,73.89,94,95,2.26,BR,2020-11-09 03:47:27
422,Ocean City,39.28,-74.57,57.99,93,1,4.36,US,2020-11-09 03:43:46
423,Poplar Bluff,36.76,-90.39,69.8,64,40,6.93,US,2020-11-09 03:47:27
424,Almenara,-16.18,-40.69,70.93,86,86,2.59,BR,2020-11-09 03:47:28
425,Pevek,69.7,170.31,17.76,94,100,3.6,RU,2020-11-09 03:40:26
426,Maxixe,-23.86,35.35,78.46,87,8,9.01,MZ,2020-11-09 03:47:28
427,Beidao,34.57,105.89,52.0,40,0,5.99,CN,2020-11-09 03:47:28
428,Ponta Delgada,37.73,-25.67,57.2,82,75,2.24,PT,2020-11-09 03:47:28
429,Nome,64.5,-165.41,26.6,79,1,4.36,US,2020-11-09 03:41:27
430,Ballater,57.05,-3.04,48.99,93,99,3.89,GB,2020-11-09 03:47:28
431,Sterling,39.01,-77.43,59.0,93,1,2.62,US,2020-11-09 03:47:29
432,Coahuayana,18.73,-103.68,74.64,88,9,2.75,MX,2020-11-09 03:47:29
433,Cockburn Town,21.46,-71.14,79.65,86,100,24.72,TC,2020-11-09 03:40:47
434,Saint-Augustin,51.23,-58.65,28.54,77,99,7.34,CA,2020-11-09 03:41:51
435,Uvalde,29.37,-99.77,71.01,68,1,4.7,US,2020-11-09 03:47:29
436,Barra Do Garcas,-15.89,-52.26,74.93,74,66,3.78,BR,2020-11-09 03:47:29
437,Catamarca,-28.47,-65.79,71.01,66,15,4.0,AR,2020-11-09 03:46:09
438,Ryotsu,38.08,138.43,51.8,66,75,25.28,JP,2020-11-09 03:47:30
439,Meridian,43.61,-116.39,32.0,95,90,4.83,US,2020-11-09 03:41:56
440,San Pedro Del Parana,-26.83,-56.2,72.3,65,34,5.66,PY,2020-11-09 03:47:30
441,Waddan,29.16,16.14,54.39,88,3,3.27,LY,2020-11-09 03:47:30
442,Starotimoshkino,53.72,47.53,31.71,96,7,12.26,RU,2020-11-09 03:47:30
443,Tiznit,29.58,-9.5,58.87,67,0,0.98,MA,2020-11-09 03:47:30
444,Maningrida,-12.07,134.27,91.76,53,73,14.94,AU,2020-11-09 03:40:34
445,Vigeland,58.08,7.3,46.99,80,66,3.0,NO,2020-11-09 03:47:30
446,Ketchikan,55.34,-131.65,39.2,93,90,23.04,US,2020-11-09 03:41:10
447,Lagos,6.58,3.75,77.0,94,20,2.24,NG,2020-11-09 03:41:24
448,Roald,62.58,6.13,44.6,100,100,6.93,NO,2020-11-09 03:41:55
449,Olafsvik,64.89,-23.71,42.49,79,100,19.98,IS,2020-11-09 03:42:01
450,Bandundu,-3.32,17.37,70.92,96,100,3.13,CD,2020-11-09 03:47:31
451,Yangjiang,21.85,111.97,80.01,34,77,11.01,CN,2020-11-09 03:47:31
452,Weligama,5.97,80.42,84.97,70,4,3.96,LK,2020-11-09 03:47:31
453,Florianopolis,-27.61,-48.5,72.0,100,75,2.24,BR,2020-11-09 03:44:11
454,Jinka,5.65,36.65,62.01,99,98,3.02,ET,2020-11-09 03:47:32
455,Rumoi,43.93,141.64,36.39,88,100,3.11,JP,2020-11-09 03:43:19
456,Owerri,5.48,7.03,73.4,94,75,1.9,NG,2020-11-09 03:47:32
457,Lokosovo,61.13,74.82,29.25,98,97,8.52,RU,2020-11-09 03:47:32
458,Turayf,31.67,38.66,53.6,87,0,11.41,SA,2020-11-09 03:47:32
459,Puerto Escondido,15.85,-97.07,78.8,78,75,3.36,MX,2020-11-09 03:42:04
460,The Valley,18.22,-63.06,81.0,78,20,9.17,AI,2020-11-09 03:41:43
461,Bossier City,32.52,-93.73,71.01,94,90,8.05,US,2020-11-09 03:47:32
462,Sola,-13.88,167.55,82.4,88,75,4.7,VU,2020-11-09 03:41:34
463,Kruisfontein,-34.0,24.73,55.99,96,100,1.01,ZA,2020-11-09 03:47:34
464,Russell,32.35,-85.2,70.0,83,40,5.82,US,2020-11-09 03:45:07
465,Kaabong,3.48,34.15,64.44,87,68,13.22,UG,2020-11-09 03:47:34
466,Maturin,9.75,-63.18,75.04,96,100,0.76,VE,2020-11-09 03:45:55
467,Codrington,-38.27,141.97,76.93,59,66,7.7,AU,2020-11-09 03:41:45
468,Kamakwie,9.5,-12.23,71.78,98,8,1.28,SL,2020-11-09 03:47:34
469,Telimele,10.92,-13.33,68.95,99,9,0.25,GN,2020-11-09 03:47:35
470,Kamaishi,39.27,141.88,42.8,75,75,4.7,JP,2020-11-09 03:44:31
471,Iroquois Falls,48.77,-80.68,55.4,82,5,10.29,CA,2020-11-09 03:47:35
472,Fortuna,40.6,-124.16,45.0,70,1,5.82,US,2020-11-09 03:47:35
473,Kedrovyy,56.17,91.82,50.0,43,0,8.95,RU,2020-11-09 03:47:35
474,Jiguani,20.37,-76.43,75.2,100,20,4.7,CU,2020-11-09 03:47:35
475,Sungaipenuh,-2.08,101.38,76.69,79,91,3.27,ID,2020-11-09 03:47:35
476,Grand Forks,47.94,-97.43,46.4,70,1,21.92,US,2020-11-09 03:46:32
477,Namibe,-15.2,12.15,69.13,73,41,6.2,AO,2020-11-09 03:40:57
478,Darhan,49.49,105.92,38.26,69,0,8.32,MN,2020-11-09 03:40:40
479,Bathsheba,13.22,-59.52,80.6,83,75,12.75,BB,2020-11-09 03:41:12
480,Pilar,-9.6,-35.96,77.0,88,75,5.82,BR,2020-11-09 03:47:36
481,Nemuro,43.32,145.57,41.0,60,75,10.29,JP,2020-11-09 03:47:36
482,Baghmara,23.8,86.21,77.4,38,0,6.22,IN,2020-11-09 03:47:36
483,Xingyi,24.19,102.82,57.45,70,89,4.38,CN,2020-11-09 03:47:36
484,Tahoua,14.89,5.27,68.0,37,0,6.93,NE,2020-11-09 03:47:37
485,Talara,-4.58,-81.27,63.88,84,39,13.04,PE,2020-11-09 03:45:53
486,Flinders,-34.58,150.86,69.01,60,22,10.76,AU,2020-11-09 03:47:37
487,Wajima,37.4,136.9,48.2,70,75,6.93,JP,2020-11-09 03:47:37
488,Yagodnoye,62.55,149.67,-0.45,90,100,2.98,RU,2020-11-09 03:47:37
489,Lashio,22.93,97.75,79.36,57,22,1.52,MM,2020-11-09 03:47:37
490,Entre-Deux,-21.23,55.47,78.8,57,20,2.24,RE,2020-11-09 03:47:37
491,Bonavista,48.65,-53.11,33.01,79,98,9.17,CA,2020-11-09 03:47:37
492,Conde,-7.26,-34.91,75.2,100,75,8.05,BR,2020-11-09 03:45:08
493,Vardo,70.37,31.11,36.45,81,93,15.46,NO,2020-11-09 03:47:38
494,Tarabuco,-19.17,-64.92,52.39,64,51,3.38,BO,2020-11-09 03:47:38
495,Micheweni,-4.97,39.83,78.96,83,100,6.87,TZ,2020-11-09 03:47:38
496,Sao Felix Do Xingu,-6.64,-51.99,72.45,94,82,0.92,BR,2020-11-09 03:47:38
497,Along,28.17,94.77,75.47,37,0,0.34,IN,2020-11-09 03:47:38
498,Mvomero,-6.25,38.67,77.0,94,90,13.87,TZ,2020-11-09 03:47:38
499,San Ramon,37.78,-121.98,48.2,65,1,5.59,US,2020-11-09 03:47:08
500,Badajoz,38.67,-6.17,55.99,94,71,1.01,ES,2020-11-09 03:47:39
501,Springbok,-29.66,17.89,41.99,94,31,4.72,ZA,2020-11-09 03:47:39
502,White Rock,49.02,-122.8,37.4,51,22,4.7,CA,2020-11-09 03:46:33
503,Presidencia Roque Saenz Pena,-26.79,-60.44,67.15,94,96,12.19,AR,2020-11-09 03:47:39
504,Balclutha,-46.23,169.75,53.01,71,100,11.01,NZ,2020-11-09 03:47:39
505,Alice Town,25.72,-79.3,79.81,82,100,33.17,BS,2020-11-09 03:47:39
506,Berdigestyakh,62.1,126.7,-1.73,88,78,2.46,RU,2020-11-09 03:41:32
507,Teahupoo,-17.83,-149.27,80.6,74,90,12.75,PF,2020-11-09 03:47:40
508,Vestmannaeyjar,63.44,-20.27,44.87,80,100,30.24,IS,2020-11-09 03:47:40
509,Fuling,29.7,107.39,70.92,46,36,3.04,CN,2020-11-09 03:47:40
510,Boyuibe,-20.42,-63.28,72.61,57,68,9.01,BO,2020-11-09 03:47:40
511,Havre-Saint-Pierre,50.23,-63.6,24.8,92,90,3.36,CA,2020-11-09 03:47:40
512,Lompoc,34.64,-120.46,51.8,71,75,10.29,US,2020-11-09 03:37:29
513,Itupiranga,-5.13,-49.33,76.35,87,9,1.14,BR,2020-11-09 03:47:41
514,Talnakh,69.49,88.4,24.8,92,40,20.13,RU,2020-11-09 03:41:06
515,Bodden Town,19.28,-81.25,82.99,74,20,18.34,KY,2020-11-09 03:47:41
516,Myitkyina,25.38,97.4,79.92,42,0,2.44,MM,2020-11-09 03:41:55
517,Youkounkoun,12.53,-13.13,73.36,90,17,4.5,GN,2020-11-09 03:47:41
518,Awjilah,29.11,21.29,56.07,79,0,8.75,LY,2020-11-09 03:47:41
519,Oranjestad,12.52,-70.03,80.6,83,20,3.36,AW,2020-11-09 03:43:07
520,Banda Aceh,5.56,95.32,83.68,70,89,3.56,ID,2020-11-09 03:41:10
521,Kharan,28.58,65.42,71.51,18,0,1.61,PK,2020-11-09 03:41:46
522,Korla,41.76,86.15,49.3,40,9,3.85,CN,2020-11-09 03:36:47
523,Kismayo,-0.36,42.55,80.24,76,71,3.8,SO,2020-11-09 03:47:42
524,Ziarat,30.38,67.73,53.1,28,9,4.59,PK,2020-11-09 03:47:42
525,Namatanai,-3.67,152.43,84.79,67,97,3.42,PG,2020-11-09 03:41:02
526,Trincomalee,8.57,81.23,82.18,81,100,15.57,LK,2020-11-09 03:47:42
527,Sioux Lookout,50.1,-91.92,57.2,67,5,10.29,CA,2020-11-09 03:47:42
528,Tubmanburg,6.87,-10.82,72.64,96,64,1.05,LR,2020-11-09 03:47:43
529,Haimen,23.19,116.61,77.0,44,0,8.95,CN,2020-11-09 03:47:43
530,Pitea,65.32,21.48,41.0,65,21,17.22,SE,2020-11-09 03:41:47
531,Evensk,61.95,159.23,11.03,88,99,11.95,RU,2020-11-09 03:47:43
532,Pandan,14.05,124.17,85.91,72,96,8.77,PH,2020-11-09 03:47:43
533,Touros,-5.2,-35.46,75.2,94,75,3.36,BR,2020-11-09 03:47:44
534,Matay,28.42,30.78,61.21,80,14,7.61,EG,2020-11-09 03:47:44
535,Shelburne,44.08,-80.2,53.6,87,1,3.36,CA,2020-11-09 03:45:06
536,Qarqin,37.42,66.04,53.11,61,100,14.23,AF,2020-11-09 03:47:44
537,Acapulco,16.86,-99.89,80.6,83,40,4.7,MX,2020-11-09 03:47:44
538,Kragero,58.87,9.41,37.0,98,91,3.0,NO,2020-11-09 03:47:44
539,Boca Do Acre,-8.75,-67.4,77.38,75,48,1.77,BR,2020-11-09 03:47:45
540,Panaba,21.28,-88.27,74.05,91,3,6.64,MX,2020-11-09 03:47:45
541,Pamekasan,-7.16,113.47,89.42,50,58,6.46,ID,2020-11-09 03:47:45
542,Salalah,17.02,54.09,73.4,56,0,2.24,OM,2020-11-09 03:41:53
543,Kang,-23.68,22.79,75.97,42,93,6.96,BW,2020-11-09 03:47:45
544,Beyneu,45.32,55.2,43.14,75,44,17.78,KZ,2020-11-09 03:47:45
545,Kahului,20.89,-156.47,82.4,58,1,19.46,US,2020-11-09 03:41:12
546,Abu Kamal,34.45,40.92,61.29,50,45,2.86,SY,2020-11-09 03:47:46
547,Seoul,37.57,126.98,50.0,20,1,9.01,KR,2020-11-09 03:42:57
548,Alyangula,-13.85,136.42,93.2,52,40,11.41,AU,2020-11-09 03:47:46
549,Yorosso,12.35,-4.78,71.58,32,17,2.44,ML,2020-11-09 03:47:46
550,Luangwa,-15.62,30.42,80.42,31,19,2.59,ZM,2020-11-09 03:47:46
551,Sunrise Manor,36.21,-115.07,48.2,49,20,12.75,US,2020-11-09 03:47:46
552,Wageningen,51.97,5.67,52.0,100,90,3.36,NL,2020-11-09 03:47:46
553,Diffa,13.32,12.61,69.67,34,21,8.14,NE,2020-11-09 03:47:46
554,Karratha,-20.74,116.85,91.24,25,0,18.3,AU,2020-11-09 03:40:25
